<?xml version="1.0" encoding="UTF-8"?>
<PE_PROJECT_SETTINGS_DOCUMENTATION>
  <PE_product_version v="version 10.3 for Freescale Microcontrollers" />
  <PE_core_version v="Processor Expert Version 0509" />
  <CPU_Bean name="Cpu" type="MC9S08GT60_44">
    <Enabled v="N" />
    <Properties>
      <Component_name v="Cpu" />
      <CPU_type v="MC9S08GT32CFB" />
      <group name="Clock settings">
        <group name="Internal Clock">
          <Internal_oscillator_frequency__kHz_ v="243" />
          <boolgroup name="Initialize trim value" v="yes">
            <Trim_value_address v="65470" />
          </boolgroup>
        </group>
        <boolgroup name="External clock" v="Enabled">
          <enumgroup name="Clock source" v="External oscillator">
            <Clock_frequency__MHz_ v="0" />
            <Clock_range v="High frequency" />
            <group name="Clock input pin">
              <Pin_name v="PTG2_EXTAL" />
            </group>
          </enumgroup>
        </boolgroup>
        <group name="Low-power modes settings">
          <enumgroup name="STOP instruction enabled" v="no">
            <EmptySection_DummyValue />
          </enumgroup>
        </group>
      </group>
      <Maskable_CPU_interrupts v="interrupts enabled" />
      <list name="Shared internal resource mapping" v="1">
        <group name="Internal resource mapping">
          <group name="Interrupt vector table">
            <Address v="65484" />
            <Size v="50" />
          </group>
          <group name="Reset vector">
            <Address v="65534" />
            <Size v="2" />
          </group>
        </group>
      </list>
      <group name="Internal peripherals">
        <boolgroup name="BDM pin support" v="Disabled" />
        <boolgroup name="LVD module" v="Enabled">
          <enumgroup name="LVD operation" v="Reset">
            <EmptySection_DummyValue />
          </enumgroup>
          <Enable_in_stop_mode v="yes" />
          <Low_voltage_detect_voltage v="Low trip point" />
          <Low_voltage_warning_voltage v="Low trip point" />
        </boolgroup>
        <group name="FLASH">
          <enumgroup name="Security state" v="Disabled">
            <EmptySection_DummyValue />
          </enumgroup>
          <Protection v="Disabled" />
          <Vector_redirection v="no" />
        </group>
        <group name="I/O module">
          <group name="PORT A">
            <Slew_rate_control_for_PTA0 v="no" />
            <Slew_rate_control_for_PTA1 v="no" />
            <Slew_rate_control_for_PTA2 v="no" />
            <Slew_rate_control_for_PTA3 v="no" />
            <Slew_rate_control_for_PTA4 v="no" />
            <Slew_rate_control_for_PTA5 v="no" />
            <Slew_rate_control_for_PTA6 v="no" />
            <Slew_rate_control_for_PTA7 v="no" />
          </group>
          <group name="PORT B">
            <Slew_rate_control_for_PTB0 v="no" />
            <Slew_rate_control_for_PTB1 v="no" />
            <Slew_rate_control_for_PTB2 v="no" />
            <Slew_rate_control_for_PTB3 v="no" />
            <Slew_rate_control_for_PTB4 v="no" />
            <Slew_rate_control_for_PTB5 v="no" />
            <Slew_rate_control_for_PTB6 v="no" />
            <Slew_rate_control_for_PTB7 v="no" />
          </group>
          <group name="PORT C">
            <Slew_rate_control_for_PTC0 v="no" />
            <Slew_rate_control_for_PTC1 v="no" />
            <Slew_rate_control_for_PTC2 v="no" />
            <Slew_rate_control_for_PTC3 v="no" />
            <Slew_rate_control_for_PTC4 v="no" />
            <Slew_rate_control_for_PTC5 v="no" />
            <Slew_rate_control_for_PTC6 v="no" />
          </group>
          <group name="PORT D">
            <Slew_rate_control_for_PTD0 v="no" />
            <Slew_rate_control_for_PTD1 v="no" />
            <Slew_rate_control_for_PTD3 v="no" />
            <Slew_rate_control_for_PTD4 v="no" />
          </group>
          <group name="PORT E">
            <Slew_rate_control_for_PTE0 v="no" />
            <Slew_rate_control_for_PTE1 v="no" />
            <Slew_rate_control_for_PTE2 v="no" />
            <Slew_rate_control_for_PTE3 v="no" />
            <Slew_rate_control_for_PTE4 v="no" />
            <Slew_rate_control_for_PTE5 v="no" />
          </group>
          <group name="PORT G">
            <Slew_rate_control_for_PTG0 v="no" />
            <Slew_rate_control_for_PTG1 v="no" />
            <Slew_rate_control_for_PTG2 v="no" />
          </group>
        </group>
        <list name="Shared Reset pin setting" v="1">
          <group name="Reset pin ">
            <Reset_pin v="RESET" />
          </group>
        </list>
      </group>
      <group name="CPU interrupts">
        <boolgroup name="Clock monitor" v="Enabled">
          <Interrupt v="Vicg" />
        </boolgroup>
        <boolgroup name="SWI" v="Disabled" />
      </group>
      <group name="Enabled speed modes">
        <boolgroup name="High speed mode" v="Enabled">
          <High_speed_clock v="Internal Clock" />
          <Clock_divider v="Auto select" />
          <Internal_bus_clock v="4" />
          <Fixed_frequency_clock v="4" />
          <Loss_of_clock v="Interrupt" />
          <boolgroup name="FLL clock" v="Disabled" />
        </boolgroup>
        <boolgroup name="Low speed mode" v="Disabled" />
        <boolgroup name="Slow speed mode" v="Disabled" />
      </group>
    </Properties>
    <Methods>
      <SetHighSpeed v="don&amp;apos;t generate code" />
      <SetLowSpeed v="don&amp;apos;t generate code" />
      <SetSlowSpeed v="don&amp;apos;t generate code" />
      <GetSpeedMode v="don&amp;apos;t generate code" />
      <SetIntVect v="don&amp;apos;t generate code" />
      <GetIntVect v="don&amp;apos;t generate code" />
      <EnableInt v="generate code" />
      <DisableInt v="generate code" />
      <GetResetSource v="don&amp;apos;t generate code" />
      <SetWaitMode v="don&amp;apos;t generate code" />
      <SetStopMode v="don&amp;apos;t generate code" />
      <GetLowVoltageFlag v="don&amp;apos;t generate code" />
      <ClearLowVoltageFlag v="don&amp;apos;t generate code" />
      <GetLowVoltageWarningFlag v="don&amp;apos;t generate code" />
      <ClearLowVoltageWarningFlag v="don&amp;apos;t generate code" />
      <GetPartialPowerDownFlag v="don&amp;apos;t generate code" />
      <ClearPartialPowerDownFlag v="don&amp;apos;t generate code" />
      <GetIdentification v="don&amp;apos;t generate code" />
      <SetFilterValue v="don&amp;apos;t generate code" />
      <SetBackdoorKey v="don&amp;apos;t generate code" />
      <Delay100US v="don&amp;apos;t generate code" />
    </Methods>
    <Events>
      <Event_module_name v="Events" />
      <event name="OnReset" v="don&amp;apos;t generate code" />
      <event name="OnSwINT" v="don&amp;apos;t generate code" />
      <event name="OnClockMonitor" v="don&amp;apos;t generate code" />
      <event name="OnLvdINT" v="don&amp;apos;t generate code" />
    </Events>
    <Compiler v="CodeWarrior HCS08 C Compiler" />
    <CompilerProperties>
      <Compiler v="CodeWarrior HCS08 C Compiler" />
      <enumgroup name="Unhandled vectors" v="One handler for all">
        <Unhandled_int_code>
          <StrgList><![CDATA[/* This code can be changed using the CPU component property "Build Options / Unhandled int code" */
/*lint -save -e950 Disable MISRA rule (1.1) checking. */
asm(BGND);
/*lint -restore Enable MISRA rule (1.1) checking. */
]]></StrgList>
        </Unhandled_int_code>
      </enumgroup>
      <Generate_macros v="yes" />
      <FLASH_registers_initialization v="Enabled" />
      <group name="User initialization">
        <User_data_declarations>
          <StrgList></StrgList>
        </User_data_declarations>
        <User_code_before_PE_initialization>
          <StrgList></StrgList>
        </User_code_before_PE_initialization>
        <User_code_after_PE_initialization>
          <StrgList></StrgList>
        </User_code_after_PE_initialization>
      </group>
      <Memory_model v="Small" />
      <boolgroup name="Generate PRM file" v="yes">
        <enumgroup name="Stack specification" v="size">
          <Stack_size v="128" />
        </enumgroup>
        <Set_memory_areas_default v="Click to set default &amp;gt;" />
        <list name="ROM/RAM Areas" v="0">
          <EmptySection_DummyValue />
        </list>
      </boolgroup>
    </CompilerProperties>
  </CPU_Bean>
  <CPU_Bean name="Cpu" type="MC9S08GT60_44">
    <Enabled v="Y" />
    <Properties>
      <Component_name v="Cpu" />
      <CPU_type v="MC9S08GT32CFB" />
      <group name="Clock settings">
        <group name="Internal Clock">
          <Internal_oscillator_frequency__kHz_ v="243" />
          <boolgroup name="Initialize trim value" v="yes">
            <Trim_value_address v="65470" />
          </boolgroup>
        </group>
        <boolgroup name="External clock" v="Enabled">
          <enumgroup name="Clock source" v="External oscillator">
            <Clock_frequency__MHz_ v="0" />
            <Clock_range v="High frequency" />
            <group name="Clock input pin">
              <Pin_name v="PTG2_EXTAL" />
            </group>
          </enumgroup>
        </boolgroup>
        <group name="Low-power modes settings">
          <enumgroup name="STOP instruction enabled" v="no">
            <EmptySection_DummyValue />
          </enumgroup>
        </group>
      </group>
      <Maskable_CPU_interrupts v="interrupts enabled" />
      <list name="Shared internal resource mapping" v="1">
        <group name="Internal resource mapping">
          <group name="Interrupt vector table">
            <Address v="65484" />
            <Size v="50" />
          </group>
          <group name="Reset vector">
            <Address v="65534" />
            <Size v="2" />
          </group>
        </group>
      </list>
      <group name="Internal peripherals">
        <boolgroup name="BDM pin support" v="Enabled">
          <BDM_pin v="PTG0_BKGD_MS" />
        </boolgroup>
        <boolgroup name="LVD module" v="Enabled">
          <enumgroup name="LVD operation" v="Reset">
            <EmptySection_DummyValue />
          </enumgroup>
          <Enable_in_stop_mode v="yes" />
          <Low_voltage_detect_voltage v="Low trip point" />
          <Low_voltage_warning_voltage v="Low trip point" />
        </boolgroup>
        <group name="FLASH">
          <enumgroup name="Security state" v="Disabled">
            <EmptySection_DummyValue />
          </enumgroup>
          <Protection v="Disabled" />
          <Vector_redirection v="no" />
        </group>
        <group name="I/O module">
          <group name="PORT A">
            <Slew_rate_control_for_PTA0 v="no" />
            <Slew_rate_control_for_PTA1 v="no" />
            <Slew_rate_control_for_PTA2 v="no" />
            <Slew_rate_control_for_PTA3 v="no" />
            <Slew_rate_control_for_PTA4 v="no" />
            <Slew_rate_control_for_PTA5 v="no" />
            <Slew_rate_control_for_PTA6 v="no" />
            <Slew_rate_control_for_PTA7 v="no" />
          </group>
          <group name="PORT B">
            <Slew_rate_control_for_PTB0 v="no" />
            <Slew_rate_control_for_PTB1 v="no" />
            <Slew_rate_control_for_PTB2 v="no" />
            <Slew_rate_control_for_PTB3 v="no" />
            <Slew_rate_control_for_PTB4 v="no" />
            <Slew_rate_control_for_PTB5 v="no" />
            <Slew_rate_control_for_PTB6 v="no" />
            <Slew_rate_control_for_PTB7 v="no" />
          </group>
          <group name="PORT C">
            <Slew_rate_control_for_PTC0 v="no" />
            <Slew_rate_control_for_PTC1 v="no" />
            <Slew_rate_control_for_PTC2 v="no" />
            <Slew_rate_control_for_PTC3 v="no" />
            <Slew_rate_control_for_PTC4 v="no" />
            <Slew_rate_control_for_PTC5 v="no" />
            <Slew_rate_control_for_PTC6 v="no" />
          </group>
          <group name="PORT D">
            <Slew_rate_control_for_PTD0 v="no" />
            <Slew_rate_control_for_PTD1 v="no" />
            <Slew_rate_control_for_PTD3 v="no" />
            <Slew_rate_control_for_PTD4 v="no" />
          </group>
          <group name="PORT E">
            <Slew_rate_control_for_PTE0 v="no" />
            <Slew_rate_control_for_PTE1 v="no" />
            <Slew_rate_control_for_PTE2 v="no" />
            <Slew_rate_control_for_PTE3 v="no" />
            <Slew_rate_control_for_PTE4 v="no" />
            <Slew_rate_control_for_PTE5 v="no" />
          </group>
          <group name="PORT G">
            <Slew_rate_control_for_PTG0 v="no" />
            <Slew_rate_control_for_PTG1 v="no" />
            <Slew_rate_control_for_PTG2 v="no" />
          </group>
        </group>
        <list name="Shared Reset pin setting" v="1">
          <group name="Reset pin ">
            <Reset_pin v="RESET" />
          </group>
        </list>
      </group>
      <group name="CPU interrupts">
        <boolgroup name="Clock monitor" v="Enabled">
          <Interrupt v="Vicg" />
        </boolgroup>
        <boolgroup name="SWI" v="Disabled" />
      </group>
      <group name="Enabled speed modes">
        <boolgroup name="High speed mode" v="Enabled">
          <High_speed_clock v="Internal Clock" />
          <Clock_divider v="Auto select" />
          <Internal_bus_clock v="15.552000000000" />
          <Fixed_frequency_clock v="15.552000000000" />
          <Loss_of_clock v="Interrupt" />
          <boolgroup name="FLL clock" v="Enabled">
            <FLL_clock_frequency v="31.104000000000" />
            <Loss_of_FLL_lock v="Interrupt" />
          </boolgroup>
        </boolgroup>
        <boolgroup name="Low speed mode" v="Disabled" />
        <boolgroup name="Slow speed mode" v="Disabled" />
      </group>
    </Properties>
    <Methods>
      <SetHighSpeed v="don&amp;apos;t generate code" />
      <SetLowSpeed v="don&amp;apos;t generate code" />
      <SetSlowSpeed v="don&amp;apos;t generate code" />
      <GetSpeedMode v="don&amp;apos;t generate code" />
      <SetIntVect v="don&amp;apos;t generate code" />
      <GetIntVect v="don&amp;apos;t generate code" />
      <EnableInt v="generate code" />
      <DisableInt v="generate code" />
      <GetResetSource v="don&amp;apos;t generate code" />
      <SetWaitMode v="don&amp;apos;t generate code" />
      <SetStopMode v="don&amp;apos;t generate code" />
      <GetLowVoltageFlag v="don&amp;apos;t generate code" />
      <ClearLowVoltageFlag v="don&amp;apos;t generate code" />
      <GetLowVoltageWarningFlag v="don&amp;apos;t generate code" />
      <ClearLowVoltageWarningFlag v="don&amp;apos;t generate code" />
      <GetPartialPowerDownFlag v="don&amp;apos;t generate code" />
      <ClearPartialPowerDownFlag v="don&amp;apos;t generate code" />
      <GetIdentification v="don&amp;apos;t generate code" />
      <SetFilterValue v="don&amp;apos;t generate code" />
      <SetBackdoorKey v="don&amp;apos;t generate code" />
      <Delay100US v="don&amp;apos;t generate code" />
    </Methods>
    <Events>
      <Event_module_name v="Events" />
      <event name="OnReset" v="don&amp;apos;t generate code" />
      <event name="OnSwINT" v="don&amp;apos;t generate code" />
      <event name="OnClockMonitor" v="don&amp;apos;t generate code" />
      <event name="OnLvdINT" v="don&amp;apos;t generate code" />
    </Events>
    <Compiler v="CodeWarrior HCS08 C Compiler" />
    <CompilerProperties>
      <Compiler v="CodeWarrior HCS08 C Compiler" />
      <enumgroup name="Unhandled vectors" v="One handler for all">
        <Unhandled_int_code>
          <StrgList><![CDATA[/* This code can be changed using the CPU component property "Build Options / Unhandled int code" */
/*lint -save -e950 Disable MISRA rule (1.1) checking. */
asm(BGND);
/*lint -restore Enable MISRA rule (1.1) checking. */
]]></StrgList>
        </Unhandled_int_code>
      </enumgroup>
      <Generate_macros v="yes" />
      <FLASH_registers_initialization v="Enabled" />
      <group name="User initialization">
        <User_data_declarations>
          <StrgList></StrgList>
        </User_data_declarations>
        <User_code_before_PE_initialization>
          <StrgList></StrgList>
        </User_code_before_PE_initialization>
        <User_code_after_PE_initialization>
          <StrgList></StrgList>
        </User_code_after_PE_initialization>
      </group>
      <Memory_model v="Small" />
      <boolgroup name="Generate PRM file" v="yes">
        <enumgroup name="Stack specification" v="size">
          <Stack_size v="128" />
        </enumgroup>
        <Set_memory_areas_default v="Click to set default &amp;gt;" />
        <list name="ROM/RAM Areas" v="4">
          <group name="Memory Area0">
            <boolgroup name="ROM/RAM Area" v="Enabled">
              <Name v="ROM" />
              <Address v="40960" />
              <Size v="24496" />
              <Qualifier v="READ_ONLY" />
            </boolgroup>
          </group>
          <group name="Memory Area1">
            <boolgroup name="ROM/RAM Area" v="Enabled">
              <Name v="Z_RAM" />
              <Address v="128" />
              <Size v="32" />
              <Qualifier v="READ_WRITE" />
            </boolgroup>
          </group>
          <group name="Memory Area2">
            <boolgroup name="ROM/RAM Area" v="Enabled">
              <Name v="RAM" />
              <Address v="160" />
              <Size v="2016" />
              <Qualifier v="READ_WRITE" />
            </boolgroup>
          </group>
          <group name="Memory Area3">
            <boolgroup name="ROM/RAM Area" v="Disabled" />
          </group>
        </list>
      </boolgroup>
    </CompilerProperties>
  </CPU_Bean>
  <Bean name="KB1" type="KBI">
    <Enabled v="Y" />
    <Properties>
      <Component_name v="KB1" />
      <KBI v="KBI1" />
      <list name="Pins" v="7">
        <group name="Pin0">
          <Pin v="PTA0_KBI1P0" />
          <Invert_interrupt_trigger_condition v="no" />
        </group>
        <group name="Pin1">
          <Pin v="PTA1_KBI1P1" />
          <Invert_interrupt_trigger_condition v="no" />
        </group>
        <group name="Pin2">
          <Pin v="PTA2_KBI1P2" />
          <Invert_interrupt_trigger_condition v="no" />
        </group>
        <group name="Pin3">
          <Pin v="PTA3_KBI1P3" />
          <Invert_interrupt_trigger_condition v="no" />
        </group>
        <group name="Pin4">
          <Pin v="PTA4_KBI1P4" />
          <Invert_interrupt_trigger_condition v="no" />
        </group>
        <group name="Pin5">
          <Pin v="PTA5_KBI1P5" />
          <Invert_interrupt_trigger_condition v="no" />
        </group>
        <group name="Pin6">
          <Pin v="PTA6_KBI1P6" />
          <Invert_interrupt_trigger_condition v="no" />
        </group>
      </list>
      <Pull_resistor v="pull up" />
      <Generate_interrupt_on v="falling edge" />
      <boolgroup name="Interrupt service/event" v="Enabled">
        <Interrupt v="Vkeyboard1" />
        <Interrupt_priority v="medium priority" />
      </boolgroup>
      <group name="Initialization">
        <Enable_in_init__code v="yes" />
        <Events_enabled_in_init_ v="yes" />
      </group>
    </Properties>
    <Methods>
      <Enable v="don&amp;apos;t generate code" />
      <Disable v="don&amp;apos;t generate code" />
      <EnableEvent v="don&amp;apos;t generate code" />
      <DisableEvent v="don&amp;apos;t generate code" />
      <GetVal v="generate code" />
      <SetEdge v="generate code" />
      <GetStatus v="generate code" />
    </Methods>
    <Events>
      <Event_module_name v="Events" />
      <event name="OnInterrupt" v="generate code">
        <Event_procedure_name v="KB1_OnInterrupt" />
        <Priority v="same as interrupt" />
      </event>
    </Events>
  </Bean>
  <Bean name="PWM1" type="PWM">
    <Enabled v="Y" />
    <Properties>
      <Component_name v="PWM1" />
      <PWM_or_PPG_device v="TPM10" />
      <Duty_compare v="" />
      <Output_pin v="PTD0_TPM1CH0" />
      <Counter v="TPM1" />
      <boolgroup name="Interrupt service/event" v="Enabled">
        <Interrupt v="Vtpm1ch0" />
        <Interrupt_on_duty v="" />
        <Interrupt_overflow v="Vtpm1ovf" />
        <Interrupt_priority v="high priority" />
        <Iterations_before_action_event v="1" />
      </boolgroup>
      <TPM1_clock_source_in_high_speed_mode v="BusClkTPM1" />
      <Period v="20 ms" />
      <Starting_pulse_width v="1500 &amp;#181;s" />
      <TPM1_Aligned v="Edge" />
      <Initial_polarity v="high" />
      <Same_period_in_modes v="no" />
      <Component_uses_entire_timer v="no" />
      <group name="Initialization">
        <Enabled_in_init__code v="yes" />
        <Events_enabled_in_init_ v="yes" />
      </group>
      <group name="CPU clock/speed selection">
        <High_speed_mode v="This component enabled" />
        <Low_speed_mode v="This component disabled" />
        <Slow_speed_mode v="This component disabled" />
      </group>
    </Properties>
    <Methods>
      <Enable v="don&amp;apos;t generate code" />
      <Disable v="don&amp;apos;t generate code" />
      <EnableEvent v="don&amp;apos;t generate code" />
      <DisableEvent v="don&amp;apos;t generate code" />
      <SetRatio8 v="don&amp;apos;t generate code" />
      <SetRatio16 v="don&amp;apos;t generate code" />
      <SetDutyTicks16 v="don&amp;apos;t generate code" />
      <SetDutyTicks32 v="don&amp;apos;t generate code" />
      <SetDutyUS v="generate code" />
      <SetDutyMS v="don&amp;apos;t generate code" />
      <SetDutySec v="don&amp;apos;t generate code" />
      <SetDutyReal v="don&amp;apos;t generate code" />
      <SetDutyMode v="don&amp;apos;t generate code" />
      <SetValue v="don&amp;apos;t generate code" />
      <ClrValue v="don&amp;apos;t generate code" />
    </Methods>
    <Events>
      <Event_module_name v="Events" />
      <event name="BeforeNewSpeed" v="don&amp;apos;t generate code" />
      <event name="AfterNewSpeed" v="don&amp;apos;t generate code" />
      <event name="OnEnd" v="generate code">
        <Event_procedure_name v="PWM1_OnEnd" />
        <Priority v="same as interrupt" />
      </event>
    </Events>
  </Bean>
  <Bean name="PWM2" type="PWM">
    <Enabled v="Y" />
    <Properties>
      <Component_name v="PWM2" />
      <PWM_or_PPG_device v="TPM11" />
      <Duty_compare v="" />
      <Output_pin v="PTD1_TPM1CH1" />
      <Counter v="TPM1" />
      <boolgroup name="Interrupt service/event" v="Disabled" />
      <TPM1_clock_source_in_high_speed_mode v="BusClkTPM1" />
      <Period v="20 ms" />
      <Starting_pulse_width v="1500 &amp;#181;s" />
      <TPM1_Aligned v="Edge" />
      <Initial_polarity v="high" />
      <Same_period_in_modes v="no" />
      <Component_uses_entire_timer v="no" />
      <group name="Initialization">
        <Enabled_in_init__code v="yes" />
        <Events_enabled_in_init_ v="yes" />
      </group>
      <group name="CPU clock/speed selection">
        <High_speed_mode v="This component enabled" />
        <Low_speed_mode v="This component disabled" />
        <Slow_speed_mode v="This component disabled" />
      </group>
    </Properties>
    <Methods>
      <Enable v="don&amp;apos;t generate code" />
      <Disable v="don&amp;apos;t generate code" />
      <EnableEvent v="don&amp;apos;t generate code" />
      <DisableEvent v="don&amp;apos;t generate code" />
      <SetRatio8 v="don&amp;apos;t generate code" />
      <SetRatio16 v="don&amp;apos;t generate code" />
      <SetDutyTicks16 v="don&amp;apos;t generate code" />
      <SetDutyTicks32 v="don&amp;apos;t generate code" />
      <SetDutyUS v="generate code" />
      <SetDutyMS v="don&amp;apos;t generate code" />
      <SetDutySec v="don&amp;apos;t generate code" />
      <SetDutyReal v="don&amp;apos;t generate code" />
      <SetDutyMode v="don&amp;apos;t generate code" />
      <SetValue v="don&amp;apos;t generate code" />
      <ClrValue v="don&amp;apos;t generate code" />
    </Methods>
    <Events>
      <Event_module_name v="Events" />
      <event name="BeforeNewSpeed" v="don&amp;apos;t generate code" />
      <event name="AfterNewSpeed" v="don&amp;apos;t generate code" />
      <event name="OnEnd" v="don&amp;apos;t generate code" />
    </Events>
  </Bean>
  <Bean name="PWM3" type="PWM">
    <Enabled v="Y" />
    <Properties>
      <Component_name v="PWM3" />
      <PWM_or_PPG_device v="TPM20" />
      <Duty_compare v="" />
      <Output_pin v="PTD3_TPM2CH0" />
      <Counter v="TPM2" />
      <boolgroup name="Interrupt service/event" v="Disabled" />
      <TPM2_clock_source_in_high_speed_mode v="BusClkTPM2" />
      <Period v="20 ms" />
      <Starting_pulse_width v="1500 &amp;#181;s" />
      <TPM2_Aligned v="Edge" />
      <Initial_polarity v="high" />
      <Same_period_in_modes v="no" />
      <Component_uses_entire_timer v="no" />
      <group name="Initialization">
        <Enabled_in_init__code v="yes" />
        <Events_enabled_in_init_ v="yes" />
      </group>
      <group name="CPU clock/speed selection">
        <High_speed_mode v="This component enabled" />
        <Low_speed_mode v="This component disabled" />
        <Slow_speed_mode v="This component disabled" />
      </group>
    </Properties>
    <Methods>
      <Enable v="don&amp;apos;t generate code" />
      <Disable v="don&amp;apos;t generate code" />
      <EnableEvent v="don&amp;apos;t generate code" />
      <DisableEvent v="don&amp;apos;t generate code" />
      <SetRatio8 v="don&amp;apos;t generate code" />
      <SetRatio16 v="don&amp;apos;t generate code" />
      <SetDutyTicks16 v="don&amp;apos;t generate code" />
      <SetDutyTicks32 v="don&amp;apos;t generate code" />
      <SetDutyUS v="generate code" />
      <SetDutyMS v="don&amp;apos;t generate code" />
      <SetDutySec v="don&amp;apos;t generate code" />
      <SetDutyReal v="don&amp;apos;t generate code" />
      <SetDutyMode v="don&amp;apos;t generate code" />
      <SetValue v="don&amp;apos;t generate code" />
      <ClrValue v="don&amp;apos;t generate code" />
    </Methods>
    <Events>
      <Event_module_name v="Events" />
      <event name="BeforeNewSpeed" v="don&amp;apos;t generate code" />
      <event name="AfterNewSpeed" v="don&amp;apos;t generate code" />
      <event name="OnEnd" v="don&amp;apos;t generate code" />
    </Events>
  </Bean>
  <Bean name="PWM4" type="PWM">
    <Enabled v="Y" />
    <Properties>
      <Component_name v="PWM4" />
      <PWM_or_PPG_device v="TPM21" />
      <Duty_compare v="" />
      <Output_pin v="PTD4_TPM2CH1" />
      <Counter v="TPM2" />
      <boolgroup name="Interrupt service/event" v="Disabled" />
      <TPM2_clock_source_in_high_speed_mode v="BusClkTPM2" />
      <Period v="20 ms" />
      <Starting_pulse_width v="1500 &amp;#181;s" />
      <TPM2_Aligned v="Edge" />
      <Initial_polarity v="high" />
      <Same_period_in_modes v="no" />
      <Component_uses_entire_timer v="no" />
      <group name="Initialization">
        <Enabled_in_init__code v="yes" />
        <Events_enabled_in_init_ v="yes" />
      </group>
      <group name="CPU clock/speed selection">
        <High_speed_mode v="This component enabled" />
        <Low_speed_mode v="This component disabled" />
        <Slow_speed_mode v="This component disabled" />
      </group>
    </Properties>
    <Methods>
      <Enable v="don&amp;apos;t generate code" />
      <Disable v="don&amp;apos;t generate code" />
      <EnableEvent v="don&amp;apos;t generate code" />
      <DisableEvent v="don&amp;apos;t generate code" />
      <SetRatio8 v="don&amp;apos;t generate code" />
      <SetRatio16 v="don&amp;apos;t generate code" />
      <SetDutyTicks16 v="don&amp;apos;t generate code" />
      <SetDutyTicks32 v="don&amp;apos;t generate code" />
      <SetDutyUS v="generate code" />
      <SetDutyMS v="don&amp;apos;t generate code" />
      <SetDutySec v="don&amp;apos;t generate code" />
      <SetDutyReal v="don&amp;apos;t generate code" />
      <SetDutyMode v="don&amp;apos;t generate code" />
      <SetValue v="don&amp;apos;t generate code" />
      <ClrValue v="don&amp;apos;t generate code" />
    </Methods>
    <Events>
      <Event_module_name v="Events" />
      <event name="BeforeNewSpeed" v="don&amp;apos;t generate code" />
      <event name="AfterNewSpeed" v="don&amp;apos;t generate code" />
      <event name="OnEnd" v="don&amp;apos;t generate code" />
    </Events>
  </Bean>
  <Bean name="IFsh1" type="IntFLASH">
    <Enabled v="Y" />
    <Properties>
      <Component_name v="IFsh1" />
      <FLASH v="IntFLASH" />
      <enumgroup name="Write method" v="Write">
        <EmptySection_DummyValue />
      </enumgroup>
      <boolgroup name="Interrupt service/event" v="Disabled" />
      <Wait_in_RAM v="yes" />
      <WatchDog_reset v="no" />
      <boolgroup name="Virtual page" v="Disabled" />
      <group name="FLASH">
        <enumgroup name="Security state" v="Disabled">
          <EmptySection_DummyValue />
        </enumgroup>
        <Protection v="Disabled" />
        <Vector_redirection v="no" />
      </group>
      <group name="Initialization">
        <Events_enabled_in_init_ v="yes" />
        <Wait_enabled_in_init_ v="yes" />
      </group>
      <group name="CPU clock/speed selection">
        <FLASH_clock v="176.73 kHz" />
        <High_speed_mode v="This component enabled" />
        <Low_speed_mode v="This component disabled" />
        <Slow_speed_mode v="This component disabled" />
      </group>
    </Properties>
    <Methods>
      <DisableEvent v="don&amp;apos;t generate code" />
      <EnableEvent v="don&amp;apos;t generate code" />
      <SetWait v="don&amp;apos;t generate code" />
      <Busy v="don&amp;apos;t generate code" />
      <EraseSector v="don&amp;apos;t generate code" />
      <SetByteFlash v="generate code" />
      <GetByteFlash v="don&amp;apos;t generate code" />
      <SetWordFlash v="generate code" />
      <GetWordFlash v="don&amp;apos;t generate code" />
      <SetLongFlash v="don&amp;apos;t generate code" />
      <GetLongFlash v="don&amp;apos;t generate code" />
      <SetBlockFlash v="don&amp;apos;t generate code" />
      <GetBlockFlash v="don&amp;apos;t generate code" />
      <SetBytePage v="don&amp;apos;t generate code" />
      <SetWordPage v="don&amp;apos;t generate code" />
      <GetBytePage v="don&amp;apos;t generate code" />
      <GetWordPage v="don&amp;apos;t generate code" />
      <SetLongPage v="don&amp;apos;t generate code" />
      <GetLongPage v="don&amp;apos;t generate code" />
      <SetVirtualPageAddr v="don&amp;apos;t generate code" />
      <SetVirtualPageAddress v="don&amp;apos;t generate code" />
      <RestoreToFlash v="don&amp;apos;t generate code" />
      <SetPage v="don&amp;apos;t generate code" />
      <GetPage v="don&amp;apos;t generate code" />
      <DataPtr2Addr v="generate code" />
      <FuncPtr2Addr v="generate code" />
    </Methods>
    <Events>
      <Event_module_name v="Events" />
      <event name="OnWritePageEnd" v="don&amp;apos;t generate code" />
      <event name="OnWriteEnd" v="don&amp;apos;t generate code" />
      <event name="OnSaveBuffer" v="don&amp;apos;t generate code" />
      <event name="OnRestoreBuffer" v="don&amp;apos;t generate code" />
      <event name="OnEraseError" v="don&amp;apos;t generate code" />
    </Events>
  </Bean>
  <Bean name="LedRUN" type="BitIO">
    <Enabled v="Y" />
    <Properties>
      <Component_name v="LedRUN" />
      <Pin_for_I_O v="PTC6" />
      <Pull_resistor sel_value="no pull resistor">
        
autoselected pull

        <EmptySection_DummyValue />
      </Pull_resistor>
      <Open_drain v="push-pull" />
      <Slew_rate_control_for_PTC6 v="no" />
      <Direction v="Output" />
      <group name="Initialization">
        <Init__direction v="Output" />
        <Init__value v="1" />
      </group>
      <Safe_mode v="yes" />
      <Optimization_for v="speed" />
    </Properties>
    <Methods>
      <GetDir v="don&amp;apos;t generate code" />
      <SetDir v="don&amp;apos;t generate code" />
      <SetInput v="don&amp;apos;t generate code" />
      <SetOutput v="don&amp;apos;t generate code" />
      <GetVal v="don&amp;apos;t generate code" />
      <PutVal v="don&amp;apos;t generate code" />
      <ClrVal v="don&amp;apos;t generate code" />
      <SetVal v="don&amp;apos;t generate code" />
      <NegVal v="generate code" />
    </Methods>
    <Events>
      <EmptySection_DummyValue />
    </Events>
  </Bean>
  <Bean name="LedServo0" type="BitIO">
    <Enabled v="Y" />
    <Properties>
      <Component_name v="LedServo0" />
      <Pin_for_I_O v="PTE0_TxD1" />
      <Pull_resistor sel_value="no pull resistor">
        
autoselected pull

        <EmptySection_DummyValue />
      </Pull_resistor>
      <Open_drain v="push-pull" />
      <Slew_rate_control_for_PTE0 v="no" />
      <Direction v="Output" />
      <group name="Initialization">
        <Init__direction v="Output" />
        <Init__value v="1" />
      </group>
      <Safe_mode v="yes" />
      <Optimization_for v="speed" />
    </Properties>
    <Methods>
      <GetDir v="don&amp;apos;t generate code" />
      <SetDir v="don&amp;apos;t generate code" />
      <SetInput v="don&amp;apos;t generate code" />
      <SetOutput v="don&amp;apos;t generate code" />
      <GetVal v="don&amp;apos;t generate code" />
      <PutVal v="don&amp;apos;t generate code" />
      <ClrVal v="generate code" />
      <SetVal v="generate code" />
      <NegVal v="generate code" />
    </Methods>
    <Events>
      <EmptySection_DummyValue />
    </Events>
  </Bean>
  <Bean name="LedServo1" type="BitIO">
    <Enabled v="Y" />
    <Properties>
      <Component_name v="LedServo1" />
      <Pin_for_I_O v="PTE1_RxD1" />
      <Pull_resistor sel_value="no pull resistor">
        
autoselected pull

        <EmptySection_DummyValue />
      </Pull_resistor>
      <Open_drain v="push-pull" />
      <Slew_rate_control_for_PTE1 v="no" />
      <Direction v="Output" />
      <group name="Initialization">
        <Init__direction v="Output" />
        <Init__value v="1" />
      </group>
      <Safe_mode v="yes" />
      <Optimization_for v="speed" />
    </Properties>
    <Methods>
      <GetDir v="don&amp;apos;t generate code" />
      <SetDir v="don&amp;apos;t generate code" />
      <SetInput v="don&amp;apos;t generate code" />
      <SetOutput v="don&amp;apos;t generate code" />
      <GetVal v="don&amp;apos;t generate code" />
      <PutVal v="don&amp;apos;t generate code" />
      <ClrVal v="generate code" />
      <SetVal v="generate code" />
      <NegVal v="generate code" />
    </Methods>
    <Events>
      <EmptySection_DummyValue />
    </Events>
  </Bean>
  <Bean name="LedServo2" type="BitIO">
    <Enabled v="Y" />
    <Properties>
      <Component_name v="LedServo2" />
      <Pin_for_I_O v="PTE3_MISO1" />
      <Pull_resistor sel_value="no pull resistor">
        
autoselected pull

        <EmptySection_DummyValue />
      </Pull_resistor>
      <Open_drain v="push-pull" />
      <Slew_rate_control_for_PTE3 v="no" />
      <Direction v="Output" />
      <group name="Initialization">
        <Init__direction v="Output" />
        <Init__value v="1" />
      </group>
      <Safe_mode v="yes" />
      <Optimization_for v="speed" />
    </Properties>
    <Methods>
      <GetDir v="don&amp;apos;t generate code" />
      <SetDir v="don&amp;apos;t generate code" />
      <SetInput v="don&amp;apos;t generate code" />
      <SetOutput v="don&amp;apos;t generate code" />
      <GetVal v="don&amp;apos;t generate code" />
      <PutVal v="don&amp;apos;t generate code" />
      <ClrVal v="generate code" />
      <SetVal v="generate code" />
      <NegVal v="generate code" />
    </Methods>
    <Events>
      <EmptySection_DummyValue />
    </Events>
  </Bean>
  <Bean name="LedServo3" type="BitIO">
    <Enabled v="Y" />
    <Properties>
      <Component_name v="LedServo3" />
      <Pin_for_I_O v="PTE2_SS1" />
      <Pull_resistor sel_value="no pull resistor">
        
autoselected pull

        <EmptySection_DummyValue />
      </Pull_resistor>
      <Open_drain v="push-pull" />
      <Slew_rate_control_for_PTE2 v="no" />
      <Direction v="Output" />
      <group name="Initialization">
        <Init__direction v="Output" />
        <Init__value v="1" />
      </group>
      <Safe_mode v="yes" />
      <Optimization_for v="speed" />
    </Properties>
    <Methods>
      <GetDir v="don&amp;apos;t generate code" />
      <SetDir v="don&amp;apos;t generate code" />
      <SetInput v="don&amp;apos;t generate code" />
      <SetOutput v="don&amp;apos;t generate code" />
      <GetVal v="don&amp;apos;t generate code" />
      <PutVal v="don&amp;apos;t generate code" />
      <ClrVal v="generate code" />
      <SetVal v="generate code" />
      <NegVal v="generate code" />
    </Methods>
    <Events>
      <EmptySection_DummyValue />
    </Events>
  </Bean>
</PE_PROJECT_SETTINGS_DOCUMENTATION>

